sampleID.faa,sampleID_blast.csv
sampleID.faa,sampleID_blast.csv
sampleID.faa,sampleID_blast.csv
sampleID.faa,sampleID_blast.csv
sampleID.faa,sampleID_blast.csv
sampleID.faa,sampleID_blast.csv
sampleID.faa,sampleID_blast.csv
sampleID.faa,sampleID_blast.csv
sampleID.faa,sampleID_blast.csv
sampleID.faa,sampleID_blast.csv
sampleID.faa,sampleID_blast.csv
sampleID.faa,sampleID_blast.csv
sampleID.faa,sampleID_blast.csv
sampleID.faa,sampleID_blast.csv
sampleID.faa,sampleID_blast.csv
sampleID.faa,sampleID_blast.csv
sampleID.faa,sampleID_blast.csv
